date,InterestRate,Inflation,GDP,Unemployment,IndProd,sp500
12/1/1974,8.53,51.9,6030.464,7.2,41.9503,67.16937494
1/1/1975,7.13,52.3,5957.035,8.1,41.3689,72.56409108
2/1/1975,6.24,52.6,5957.035,8.1,40.4252,80.09684191
3/1/1975,5.54,52.8,5957.035,8.6,39.9804,83.83199921
4/1/1975,5.49,53,5999.61,8.8,40.0572,84.72318198
5/1/1975,5.22,53.1,5999.61,9,39.9402,90.09619032
6/1/1975,5.55,53.5,5999.61,8.8,40.1927,92.39714341
7/1/1975,6.1,54,6102.326,8.6,40.6115,92.48727313
8/1/1975,6.14,54.2,6102.326,8.4,41.0114,85.71380942
9/1/1975,6.24,54.6,6102.326,8.4,41.5422,84.67238072
10/1/1975,5.82,54.9,6184.53,8.4,41.7224,88.57434779
11/1/1975,5.22,55.3,6184.53,8.3,41.7797,90.06526345
12/1/1975,5.2,55.6,6184.53,8.2,42.3462,88.70045471
1/1/1976,4.87,55.8,6323.649,7.9,42.9082,96.85952359
2/1/1976,4.77,55.9,6323.649,7.7,43.3407,100.6394742
3/1/1976,4.84,56,6323.649,7.6,43.4281,101.0843479
4/1/1976,4.82,56.1,6370.025,7.7,43.6518,101.9295236
5/1/1976,5.29,56.4,6370.025,7.4,43.8315,101.1619991
6/1/1976,5.48,56.7,6370.025,7.6,43.8775,101.766818
7/1/1976,5.31,57,6404.895,7.8,44.1248,104.2009528
8/1/1976,5.29,57.3,6404.895,7.8,44.4262,103.2918184
9/1/1976,5.25,57.6,6404.895,7.6,44.5711,105.4533332
10/1/1976,5.02,57.9,6451.177,7.7,44.56,101.8852376
11/1/1976,4.95,58.1,6451.177,7.8,45.2454,101.1934998
12/1/1976,4.65,58.4,6451.177,7.8,45.731,104.6609084
1/1/1977,4.61,58.7,6527.703,7.5,45.4156,103.8133331
2/1/1977,4.68,59.3,6527.703,7.6,46.1358,100.9557893
3/1/1977,4.69,59.6,6527.703,7.4,46.7158,100.5695648
4/1/1977,4.73,60,6654.466,7.2,47.1719,99.05000076
5/1/1977,5.35,60.2,6654.466,7,47.541,98.76047589
6/1/1977,5.39,60.5,6654.466,7.2,47.9063,99.28590948
7/1/1977,5.42,60.8,6774.457,6.9,47.9714,100.1784202
8/1/1977,5.9,61.1,6774.457,7,48.0157,97.75000033
9/1/1977,6.14,61.3,6774.457,6.8,48.2097,96.23238046
10/1/1977,6.47,61.6,6774.592,6.8,48.2839,93.73952302
11/1/1977,6.51,62,6774.592,6.8,48.3755,94.28333391
12/1/1977,6.56,62.3,6774.592,6.4,48.4573,93.82047671
1/1/1978,6.7,62.7,6796.26,6.4,47.7512,90.24952298
2/1/1978,6.78,63,6796.26,6.3,48.0098,88.9752635
3/1/1978,6.79,63.4,6796.26,6.3,48.9358,88.8195454
4/1/1978,6.89,63.9,7058.92,6.1,49.9074,92.71049957
5/1/1978,7.36,64.5,7058.92,6,50.1513,97.41227306
6/1/1978,7.6,65,7058.92,5.9,50.4751,97.66181807
7/1/1978,7.81,65.5,7129.915,6.2,50.4371,97.19249992
8/1/1978,8.04,65.9,7129.915,5.9,50.6393,103.92174
9/1/1978,8.45,66.5,7129.915,6,50.7631,103.857
10/1/1978,8.96,67.1,7225.75,5.8,51.1523,100.5836352
11/1/1978,9.76,67.5,7225.75,5.9,51.5456,94.70952316
12/1/1978,10.03,67.9,7225.75,6,51.806,96.10749969
1/1/1979,10.07,68.5,7238.727,5.9,51.525,99.70500114
2/1/1979,10.06,69.2,7238.727,5.9,51.778,98.22947372
3/1/1979,10.09,69.9,7238.727,5.8,51.9382,100.1122728
4/1/1979,10.01,70.6,7246.454,5.8,51.3251,102.0660004
5/1/1979,10.24,71.4,7246.454,5.6,51.7782,99.72772702
6/1/1979,10.29,72.2,7246.454,5.7,51.7865,101.7276186
7/1/1979,10.47,73,7300.281,5.7,51.7029,102.7114283
8/1/1979,10.94,73.7,7300.281,6,51.3658,107.3560864
9/1/1979,11.43,74.4,7300.281,5.9,51.3623,108.5968423
10/1/1979,13.77,75.2,7318.535,6,51.7175,104.4730427
11/1/1979,13.18,76,7318.535,5.9,51.6341,103.66381
12/1/1979,13.78,76.9,7318.535,6,51.6694,107.7759995
1/1/1980,13.82,78,7341.557,6.3,51.944,110.8681814
2/1/1980,14.13,79,7341.557,6.3,51.9633,115.3390011
3/1/1980,17.19,80.1,7341.557,6.3,51.7454,104.6861907
4/1/1980,17.61,80.9,7190.289,6.9,50.7197,102.9666675
5/1/1980,10.98,81.7,7190.289,7.5,49.4766,107.6942854
6/1/1980,9.47,82.5,7190.289,7.6,48.8383,114.5466665
7/1/1980,9.03,82.6,7181.743,7.8,48.4907,119.8327276
8/1/1980,9.61,83.2,7181.743,7.7,48.6456,123.4966663
9/1/1980,10.87,83.9,7181.743,7.5,49.4578,126.5119029
10/1/1980,12.81,84.7,7315.677,7.5,50.0861,130.2217384
11/1/1980,15.85,85.6,7315.677,7.5,50.9209,135.6544427
12/1/1980,18.9,86.4,7315.677,7.2,51.257,133.483182
1/1/1981,19.08,87.2,7459.022,7.5,50.9328,132.9657128
2/1/1981,15.93,88,7459.022,7.4,50.7237,128.3952657
3/1/1981,14.7,88.6,7459.022,7.4,50.9806,133.1849996
4/1/1981,15.72,89.1,7403.745,7.2,50.7661,134.4276181
5/1/1981,18.52,89.7,7403.745,7.5,51.0552,131.7270004
6/1/1981,19.1,90.5,7403.745,7.5,51.3214,132.2777294
7/1/1981,19.04,91.5,7492.405,7.2,51.6555,129.1277268
8/1/1981,17.82,92.2,7492.405,7.4,51.5903,129.6295231
9/1/1981,15.87,93.1,7492.405,7.6,51.3429,118.269524
10/1/1981,15.08,93.4,7410.768,7.9,50.9463,119.7977271
11/1/1981,13.31,93.8,7410.768,8.3,50.3546,122.9194996
12/1/1981,12.37,94.1,7410.768,8.5,49.8086,123.794091
1/1/1982,13.22,94.4,7295.631,8.6,48.7877,117.2765003
2/1/1982,14.78,94.7,7295.631,8.9,49.7839,114.4952634
3/1/1982,14.68,94.7,7295.631,9,49.4477,110.8421737
4/1/1982,14.94,95,7328.912,9.3,48.9913,116.3071434
5/1/1982,14.45,95.9,7328.912,9.4,48.6669,116.3529995
6/1/1982,14.15,97,7328.912,9.6,48.5415,109.6977272
7/1/1982,12.59,97.5,7300.896,9.8,48.3775,109.3766668
8/1/1982,10.12,97.7,7300.896,9.8,47.9382,109.6513641
9/1/1982,10.31,97.7,7300.896,10.1,47.8139,122.4333329
10/1/1982,9.71,98.1,7303.817,10.4,47.3575,132.6604774
11/1/1982,9.2,98,7303.817,10.8,47.2078,138.1009529
12/1/1982,8.95,97.7,7303.817,10.8,46.8713,139.3659113
1/1/1983,8.68,97.9,7400.066,10.4,47.7398,144.2671422
2/1/1983,8.51,98,7400.066,10.4,47.4484,146.7968405
3/1/1983,8.77,98.1,7400.066,10.3,47.8426,151.8765212
4/1/1983,8.8,98.8,7568.456,10.2,48.4483,157.7120003
5/1/1983,8.63,99.2,7568.456,10.1,48.747,164.0971433
6/1/1983,8.98,99.4,7568.456,10.1,49.0434,166.3690914
7/1/1983,9.37,99.8,7719.746,9.4,49.7739,166.9509987
8/1/1983,9.56,100.1,7719.746,9.5,50.364,162.4178248
9/1/1983,9.45,100.4,7719.746,9.2,51.0937,167.1604767
10/1/1983,9.48,100.8,7880.794,8.8,51.4902,167.6542845
11/1/1983,9.34,101.1,7880.794,8.5,51.721,165.2309519
12/1/1983,9.47,101.4,7880.794,8.3,51.9769,164.371428
1/1/1984,9.56,102.1,8034.847,8,53.0088,166.3928564
2/1/1984,9.59,102.6,8034.847,7.8,53.2486,157.2505013
3/1/1984,9.91,102.9,8034.847,7.8,53.5028,157.4386382
4/1/1984,10.29,103.3,8173.67,7.7,53.8233,157.6014992
5/1/1984,10.32,103.5,8173.67,7.4,54.1104,156.5509089
6/1/1984,11.06,103.7,8173.67,7.2,54.3075,153.1247609
7/1/1984,11.23,104.1,8252.465,7.5,54.4587,151.0780959
8/1/1984,11.64,104.4,8252.465,7.5,54.5239,164.4208692
9/1/1984,11.3,104.7,8252.465,7.3,54.3696,166.1126299
10/1/1984,9.99,105.1,8320.199,7.4,54.3474,164.8186944
11/1/1984,9.43,105.3,8320.199,7.2,54.529,166.2719051
12/1/1984,8.38,105.5,8320.199,7.3,54.5556,164.4800011
1/1/1985,8.35,105.7,8400.82,7.3,54.527,171.6127271
2/1/1985,8.5,106.3,8400.82,7.2,54.6871,180.8847375
3/1/1985,8.58,106.8,8400.82,7.2,54.7673,179.4199982
4/1/1985,8.27,107,8474.787,7.3,54.6467,180.6185702
5/1/1985,7.97,107.2,8474.787,7.2,54.7396,184.8990895
6/1/1985,7.53,107.5,8474.787,7.4,54.711,188.8859993
7/1/1985,7.88,107.7,8604.22,7.4,54.4365,192.5445446
8/1/1985,7.9,107.9,8604.22,7.1,54.6121,188.3063639
9/1/1985,7.92,108.1,8604.22,7.1,54.8147,184.2057905
10/1/1985,7.99,108.5,8668.188,7.1,54.6228,186.1804345
11/1/1985,8.05,109,8668.188,7,54.8123,197.4455002
12/1/1985,8.27,109.5,8668.188,7,55.3553,207.2576192
1/1/1986,8.14,109.9,8749.127,6.7,55.6453,208.1940897
2/1/1986,7.86,109.7,8749.127,7.2,55.2634,219.3652617
3/1/1986,7.48,109.1,8749.127,7.2,54.8728,232.3270004
4/1/1986,6.99,108.7,8788.524,7.1,54.935,237.9677284
5/1/1986,6.85,109,8788.524,7.2,55.0399,238.4590476
6/1/1986,6.92,109.4,8788.524,7.2,54.826,245.2957146
7/1/1986,6.56,109.5,8872.601,7,55.167,240.1799989
8/1/1986,6.17,109.6,8872.601,6.9,55.0726,245.0009511
9/1/1986,5.89,110,8872.601,7,55.2237,238.2690473
10/1/1986,5.85,110.2,8920.193,7,55.4589,237.3560871
11/1/1986,6.04,110.4,8920.193,6.9,55.6763,245.0926329
12/1/1986,6.91,110.8,8920.193,6.6,56.2078,248.6054542
1/1/1987,6.43,111.4,8986.367,6.6,55.9911,264.5109515
2/1/1987,6.1,111.8,8986.367,6.6,56.7373,280.9342153
3/1/1987,6.13,112.2,8986.367,6.6,56.8136,292.4713648
4/1/1987,6.37,112.7,9083.256,6.3,57.185,289.3219052
5/1/1987,6.85,113,9083.256,6.3,57.5424,289.1154984
6/1/1987,6.73,113.5,9083.256,6.2,57.8502,301.3840901
7/1/1987,6.58,113.8,9162.024,6.1,58.2421,310.087272
8/1/1987,6.73,114.3,9162.024,6,58.6784,329.3580933
9/1/1987,7.22,114.7,9162.024,5.9,58.9088,318.6609512
10/1/1987,7.29,115,9319.332,6,59.7008,280.1640916
11/1/1987,6.69,115.4,9319.332,5.8,59.9956,245.0085007
12/1/1987,6.77,115.6,9319.332,5.7,60.3246,240.9559097
1/1/1988,6.83,116,9367.502,5.7,60.309,250.476503
2/1/1988,6.58,116.2,9367.502,5.7,60.6122,258.1279991
3/1/1988,6.58,116.5,9367.502,5.7,60.7452,265.7373923
4/1/1988,6.87,117.2,9490.594,5.4,61.108,262.6154984
5/1/1988,7.09,117.5,9490.594,5.6,60.9843,256.1238113
6/1/1988,7.51,118,9490.594,5.4,61.1615,270.6827282
7/1/1988,7.75,118.5,9546.206,5.4,61.171,269.049498
8/1/1988,8.01,119,9546.206,5.6,61.4771,263.7265187
9/1/1988,8.19,119.5,9546.206,5.4,61.2785,267.9700012
10/1/1988,8.3,119.9,9673.405,5.4,61.5488,277.3957156
11/1/1988,8.35,120.3,9673.405,5.3,61.7049,271.0242876
12/1/1988,8.76,120.7,9673.405,5.3,61.9851,276.5147589
1/1/1989,9.12,121.2,9771.725,5.4,62.1677,285.4138125
2/1/1989,9.36,121.6,9771.725,5.2,61.8916,294.0110522
3/1/1989,9.85,122.2,9771.725,5,62.0508,292.7131819
4/1/1989,9.84,123.1,9846.293,5.2,62.0289,302.2509964
5/1/1989,9.81,123.7,9846.293,5.2,61.6871,313.9299996
6/1/1989,9.53,124.1,9846.293,5.3,61.6857,323.7277277
7/1/1989,9.24,124.5,9919.228,5.2,61.0896,331.9265015
8/1/1989,8.99,124.5,9919.228,5.2,61.6847,346.6078266
9/1/1989,9.02,124.8,9919.228,5.3,61.4794,347.3295013
10/1/1989,8.84,125.4,9938.767,5.3,61.4014,347.3972723
11/1/1989,8.55,125.9,9938.767,5.4,61.6081,340.219045
12/1/1989,8.45,126.3,9938.767,5.4,61.9588,348.5720001
1/1/1990,8.23,127.5,10047.386,5.4,61.6352,339.9718184
2/1/1990,8.24,128,10047.386,5.3,62.1951,330.4526351
3/1/1990,8.28,128.6,10047.386,5.2,62.4916,338.4650005
4/1/1990,8.26,128.9,10083.855,5.4,62.3511,338.1779984
5/1/1990,8.18,129.1,10083.855,5.4,62.5353,350.2500014
6/1/1990,8.29,129.9,10083.855,5.2,62.7479,360.3866664
7/1/1990,8.15,130.5,10090.569,5.5,62.6435,360.0309521
8/1/1990,8.13,131.6,10090.569,5.7,62.8704,330.7465197
9/1/1990,8.2,132.5,10090.569,5.9,62.8839,315.4068427
10/1/1990,8.11,133.4,9998.704,5.9,62.4973,307.1247851
11/1/1990,7.81,133.7,9998.704,6.2,61.7175,315.2909531
12/1/1990,7.31,134.2,9998.704,6.3,61.2885,328.7495026
1/1/1991,6.91,134.7,9951.916,6.4,61.0842,325.4854556
2/1/1991,6.25,134.8,9951.916,6.6,60.6387,362.2631579
3/1/1991,6.12,134.8,9951.916,6.8,60.2973,372.2789993
4/1/1991,5.91,135.1,10029.51,6.7,60.4524,379.678636
5/1/1991,5.78,135.6,10029.51,6.9,61.0587,377.9922721
6/1/1991,5.9,136,10029.51,6.9,61.5514,378.2929993
7/1/1991,5.82,136.2,10080.195,6.8,61.7201,380.2268177
8/1/1991,5.66,136.6,10080.195,6.9,61.7289,389.4031788
9/1/1991,5.45,137,10080.195,6.9,62.2369,387.1985001
10/1/1991,5.21,137.2,10115.329,7,62.1718,386.8834799
11/1/1991,4.81,137.8,10115.329,7,62.0894,385.9194992
12/1/1991,4.43,138.2,10115.329,7.3,61.806,388.5104762
1/1/1992,4.03,138.3,10236.435,7.3,61.4823,416.0749969
2/1/1992,4.06,138.6,10236.435,7.4,61.9192,412.555791
3/1/1992,3.98,139.1,10236.435,7.4,62.4403,407.364545
4/1/1992,3.73,139.4,10347.429,7.4,62.9199,407.4071437
5/1/1992,3.82,139.7,10347.429,7.6,63.1268,414.814502
6/1/1992,3.76,140.1,10347.429,7.8,63.1624,408.2745472
7/1/1992,3.25,140.5,10449.673,7.7,63.7348,415.0513639
8/1/1992,3.3,140.8,10449.673,7.6,63.3802,417.9271429
9/1/1992,3.22,141.1,10449.673,7.6,63.5834,418.4771423
10/1/1992,3.1,141.7,10558.648,7.3,64.0178,412.5027285
11/1/1992,3.09,142.1,10558.648,7.4,64.2628,422.8439972
12/1/1992,2.92,142.3,10558.648,7.4,64.3599,435.6395458
1/1/1993,3.02,142.8,10576.275,7.3,64.6135,435.2289993
2/1/1993,3.03,143.1,10576.275,7.1,64.9262,441.7036807
3/1/1993,3.07,143.3,10576.275,7,64.8627,450.1552164
4/1/1993,2.96,143.8,10637.847,7.1,65.0423,443.0776207
5/1/1993,3,144.2,10637.847,7.1,64.8006,445.2464981
6/1/1993,3.04,144.3,10637.847,7,64.9476,448.059544
7/1/1993,3.06,144.5,10688.606,6.9,65.1142,447.286188
8/1/1993,3.03,144.8,10688.606,6.8,65.0421,454.1277285
9/1/1993,3.09,145,10688.606,6.7,65.3749,459.2352339
10/1/1993,2.99,145.6,10833.987,6.8,65.863,463.8999968
11/1/1993,3.02,146,10833.987,6.6,66.1696,462.8904753
12/1/1993,2.96,146.3,10833.987,6.5,66.5531,465.9454568
1/1/1994,3.05,146.3,10939.116,6.6,66.7591,472.9928574
2/1/1994,3.25,146.7,10939.116,6.6,66.8019,471.5799994
3/1/1994,3.34,147.1,10939.116,6.5,67.4704,463.8078268
4/1/1994,3.56,147.2,11087.361,6.4,67.8707,447.2321071
5/1/1994,4.01,147.5,11087.361,6.1,68.187,450.8985726
6/1/1994,4.25,147.9,11087.361,6.1,68.645,454.8259083
7/1/1994,4.26,148.4,11152.176,6.1,68.7317,451.4009995
8/1/1994,4.47,149,11152.176,6,69.1882,464.243046
9/1/1994,4.73,149.3,11152.176,5.9,69.3935,466.9580921
10/1/1994,4.76,149.4,11279.932,5.8,69.9576,463.8138093
11/1/1994,5.29,149.8,11279.932,5.6,70.4288,461.0152399
12/1/1994,5.45,150.1,11279.932,5.5,71.1273,455.1866644
1/1/1995,5.53,150.5,11319.951,5.6,71.2635,465.25
2/1/1995,5.92,150.9,11319.951,5.4,71.1758,481.9247372
3/1/1995,5.98,151.2,11319.951,5.4,71.2796,493.153047
4/1/1995,6.05,151.8,11353.721,5.8,71.1538,507.9057906
5/1/1995,6.01,152.1,11353.721,5.6,71.4997,523.8136402
6/1/1995,6,152.4,11353.721,5.6,71.7327,539.3540844
7/1/1995,5.85,152.6,11450.31,5.7,71.4334,557.3664978
8/1/1995,5.74,152.9,11450.31,5.7,72.3723,559.1100013
9/1/1995,5.8,153.1,11450.31,5.6,72.6543,578.7654938
10/1/1995,5.76,153.5,11528.067,5.5,72.5336,582.9181824
11/1/1995,5.8,153.7,11528.067,5.6,72.717,595.5323806
12/1/1995,5.6,153.9,11528.067,5.6,72.9638,614.5709991
1/1/1996,5.56,154.7,11614.418,5.6,72.5712,614.4200051
2/1/1996,5.22,155,11614.418,5.5,73.6207,649.5420044
3/1/1996,5.31,155.5,11614.418,5.5,73.5141,647.0747593
4/1/1996,5.22,156.1,11808.14,5.6,74.2491,647.1728545
5/1/1996,5.24,156.4,11808.14,5.6,74.8142,661.2304549
6/1/1996,5.27,156.7,11808.14,5.3,75.3726,668.4989929
7/1/1996,5.4,157,11914.063,5.5,75.3738,644.070454
8/1/1996,5.22,157.2,11914.063,5.1,75.7557,662.6822787
9/1/1996,5.3,157.7,11914.063,5.2,76.2302,674.885498
10/1/1996,5.24,158.2,12037.775,5.2,76.2157,701.455654
11/1/1996,5.31,158.7,12037.775,5.4,76.8973,735.6690063
12/1/1996,5.29,159.1,12037.775,5.4,77.3772,743.2490409
1/1/1997,5.25,159.4,12115.472,5.3,77.5135,766.2168163
2/1/1997,5.19,159.7,12115.472,5.2,78.4255,798.3842163
3/1/1997,5.39,159.8,12115.472,5.2,78.9197,792.1555023
4/1/1997,5.51,159.9,12317.221,5.1,78.9848,763.9281866
5/1/1997,5.5,159.9,12317.221,4.9,79.4296,833.0914307
6/1/1997,5.56,160.2,12317.221,5,79.7971,876.2861909
7/1/1997,5.52,160.4,12471.01,4.9,80.4666,925.2945446
8/1/1997,5.54,160.8,12471.01,4.8,81.2825,927.735712
9/1/1997,5.54,161.2,12471.01,4.9,82.0327,937.0242862
10/1/1997,5.5,161.5,12577.495,4.7,82.7656,951.1595618
11/1/1997,5.52,161.7,12577.495,4.6,83.427,938.92369
12/1/1997,5.5,161.8,12577.495,4.7,83.784,962.3654563
1/1/1998,5.56,162,12703.742,4.6,84.1564,963.3590027
2/1/1998,5.51,162,12703.742,4.6,84.3066,1023.742114
3/1/1998,5.49,162,12703.742,4.7,84.342,1076.827731
4/1/1998,5.45,162.2,12821.339,4.3,84.6339,1112.196196
5/1/1998,5.49,162.6,12821.339,4.4,85.1867,1108.416998
6/1/1998,5.56,162.8,12821.339,4.5,84.6809,1108.389532
7/1/1998,5.54,163.2,12982.752,4.5,84.3445,1156.577271
8/1/1998,5.55,163.4,12982.752,4.5,86.0816,1074.620472
9/1/1998,5.51,163.5,12982.752,4.6,86.0023,1020.64
10/1/1998,5.07,163.9,13191.67,4.5,86.591,1032.47001
11/1/1998,4.83,164.1,13191.67,4.4,86.5115,1144.433484
12/1/1998,4.68,164.4,13191.67,4.4,86.8615,1190.050903
1/1/1999,4.63,164.7,13315.597,4.3,87.2205,1248.774735
2/1/1999,4.76,164.7,13315.597,4.4,87.726,1246.582115
3/1/1999,4.81,164.8,13315.597,4.2,87.9125,1281.663914
4/1/1999,4.74,165.9,13426.748,4.3,88.1082,1334.756662
5/1/1999,4.74,166,13426.748,4.2,88.6483,1332.074011
6/1/1999,4.76,166,13426.748,4.3,88.5903,1322.552734
7/1/1999,4.99,166.7,13604.771,4.3,89.1098,1380.990002
8/1/1999,5.07,167.1,13604.771,4.2,89.5007,1327.488653
9/1/1999,5.22,167.8,13604.771,4.2,89.1304,1318.171904
10/1/1999,5.2,168.1,13827.98,4.1,90.2709,1300.01001
11/1/1999,5.42,168.4,13827.98,4.1,90.7528,1391.002848
12/1/1999,5.3,168.8,13827.98,4,91.4784,1428.684093
1/1/2000,5.45,169.3,13878.147,4,91.4092,1425.585504
2/1/2000,5.73,170,13878.147,4.1,91.7245,1388.8745
3/1/2000,5.85,171,13878.147,4,92.083,1442.212599
4/1/2000,6.02,170.9,14130.908,3.8,92.6659,1461.355257
5/1/2000,6.27,171.2,14130.908,4,92.9347,1418.479548
6/1/2000,6.53,172.2,14130.908,4,93.0018,1461.95909
7/1/2000,6.54,172.7,14145.312,4,92.8373,1473.002496
8/1/2000,6.5,172.7,14145.312,4.1,92.591,1485.458257
9/1/2000,6.52,173.6,14145.312,3.9,92.9827,1468.054004
10/1/2000,6.51,173.9,14229.765,3.9,92.64,1390.144093
11/1/2000,6.51,174.2,14229.765,3.9,92.6604,1375.037603
12/1/2000,6.4,174.6,14229.765,3.9,92.3457,1330.929498
1/1/2001,5.98,175.6,14183.12,4.2,91.8908,1335.639056
2/1/2001,5.49,176,14183.12,4.2,91.2851,1305.75158
3/1/2001,5.31,176.1,14183.12,4.3,91.0585,1185.850009
4/1/2001,4.8,176.4,14271.694,4.4,90.7384,1189.837
5/1/2001,4.21,177.3,14271.694,4.3,90.2607,1270.368636
6/1/2001,3.97,177.7,14271.694,4.5,89.7811,1238.710467
7/1/2001,3.77,177.4,14214.516,4.6,89.2352,1204.449521
8/1/2001,3.65,177.4,14214.516,4.9,89.157,1178.503927
9/1/2001,3.07,178.1,14214.516,5,88.6749,1044.643994
10/1/2001,2.49,177.6,14253.574,5.3,88.4051,1076.590438
11/1/2001,2.09,177.5,14253.574,5.5,87.886,1129.683332
12/1/2001,1.82,177.4,14253.574,5.7,87.8518,1144.930011
1/1/2002,1.73,177.7,14372.785,5.7,88.4634,1140.207624
2/1/2002,1.74,178,14372.785,5.7,88.4578,1100.668939
3/1/2002,1.73,178.5,14372.785,5.7,89.1265,1153.791003
4/1/2002,1.75,179.3,14460.848,5.9,89.5507,1112.03454
5/1/2002,1.75,179.5,14460.848,5.8,89.9348,1079.267278
6/1/2002,1.75,179.6,14460.848,5.8,90.6736,1014.048007
7/1/2002,1.73,180,14519.633,5.8,90.6436,903.5854575
8/1/2002,1.74,180.5,14519.633,5.7,90.5505,912.5522738
9/1/2002,1.75,180.8,14519.633,5.7,90.6373,867.8120056
10/1/2002,1.75,181.2,14537.58,5.7,90.3988,854.6313079
11/1/2002,1.34,181.5,14537.58,5.9,90.8947,909.927005
12/1/2002,1.24,181.8,14537.58,6,90.3906,899.1785743
1/1/2003,1.24,182.6,14614.141,5.8,91.1369,895.8361904
2/1/2003,1.26,183.6,14614.141,5.9,91.2505,837.6189511
3/1/2003,1.25,183.9,14614.141,5.9,91.0006,846.6214251
4/1/2003,1.26,183.2,14743.567,6,90.4311,890.0257132
5/1/2003,1.26,182.9,14743.567,6.1,90.4,935.9628528
6/1/2003,1.22,183.1,14743.567,6.3,90.5196,987.9952393
7/1/2003,1.01,183.7,14988.782,6.2,90.9869,992.5409102
8/1/2003,1.03,184.5,14988.782,6.1,90.7933,989.5319098
9/1/2003,1.01,185.1,14988.782,6.1,91.3819,1019.4419
10/1/2003,1.01,184.9,15162.76,6,91.5049,1038.734343
11/1/2003,1,185,15162.76,5.8,92.1265,1049.898945
12/1/2003,0.98,185.5,15162.76,5.7,92.1732,1080.63592
1/1/2004,1,186.3,15248.68,5.7,92.3268,1132.517499
2/1/2004,1.01,186.7,15248.68,5.6,92.8995,1143.356323
3/1/2004,1,187.1,15248.68,5.8,92.5368,1123.978245
4/1/2004,1,187.4,15366.85,5.6,92.8957,1133.078573
5/1/2004,1,188.2,15366.85,5.6,93.5845,1102.7815
6/1/2004,1.03,188.9,15366.85,5.6,92.8651,1132.757156
7/1/2004,1.26,189.1,15512.619,5.5,93.5502,1105.846656
8/1/2004,1.43,189.2,15512.619,5.4,93.6301,1088.934992
9/1/2004,1.61,189.8,15512.619,5.4,93.7353,1117.656203
10/1/2004,1.76,190.8,15670.88,5.5,94.5695,1118.068098
11/1/2004,1.93,191.7,15670.88,5.4,94.8015,1168.937622
12/1/2004,2.16,191.7,15670.88,5.4,95.5415,1199.209545
1/1/2005,2.28,191.6,15844.727,5.3,95.8785,1181.407996
2/1/2005,2.5,192.4,15844.727,5.4,96.5709,1199.626844
3/1/2005,2.63,193.1,15844.727,5.2,96.4345,1194.897727
4/1/2005,2.79,193.7,15922.782,5.2,96.6347,1164.427612
5/1/2005,3,193.6,15922.782,5.1,96.7251,1178.275716
6/1/2005,3.04,193.7,15922.782,5,97.1483,1202.253168
7/1/2005,3.26,194.9,16047.587,5,96.8397,1222.237
8/1/2005,3.5,196.1,16047.587,4.9,97.1584,1224.269998
9/1/2005,3.62,198.8,16047.587,5,95.2764,1225.914772
10/1/2005,3.78,199.1,16136.734,5,96.4411,1191.964286
11/1/2005,4,198.1,16136.734,5,97.5016,1237.368565
12/1/2005,4.16,198.1,16136.734,4.9,97.9723,1262.071911
1/1/2006,4.29,199.3,16353.835,4.7,98.127,1278.722498
2/1/2006,4.49,199.4,16353.835,4.8,98.1687,1276.645277
3/1/2006,4.59,199.7,16353.835,4.7,98.3913,1293.734778
4/1/2006,4.79,200.7,16396.151,4.7,98.6826,1302.16527
5/1/2006,4.94,201.3,16396.151,4.6,98.7074,1290.013627
6/1/2006,4.99,201.8,16396.151,4.6,99.0398,1253.16818
7/1/2006,5.24,202.9,16420.738,4.7,98.9751,1260.234503
8/1/2006,5.25,203.8,16420.738,4.7,99.4047,1287.149568
9/1/2006,5.25,202.8,16420.738,4.5,99.2246,1317.743011
10/1/2006,5.25,201.9,16561.866,4.4,99.1229,1363.377264
11/1/2006,5.25,202,16561.866,4.5,99.0963,1388.634754
12/1/2006,5.24,203.1,16561.866,4.4,100.1125,1416.420007
1/1/2007,5.25,203.437,16611.69,4.6,99.7546,1424.160986
2/1/2007,5.26,204.226,16611.69,4.5,100.7166,1444.794748
3/1/2007,5.26,205.288,16611.69,4.4,100.8952,1406.951821
4/1/2007,5.25,205.904,16713.314,4.5,101.5723,1463.640503
5/1/2007,5.25,206.755,16713.314,4.4,101.6269,1511.136813
6/1/2007,5.25,207.234,16713.314,4.6,101.6547,1514.489519
7/1/2007,5.26,207.603,16809.587,4.7,101.4953,1520.704758
8/1/2007,5.02,207.667,16809.587,4.6,101.6943,1454.616959
9/1/2007,4.94,208.547,16809.587,4.7,101.9428,1497.116327
10/1/2007,4.76,209.19,16915.191,4.7,101.6446,1539.658691
11/1/2007,4.49,210.834,16915.191,4.7,102.2167,1463.385236
12/1/2007,4.24,211.445,16915.191,5,102.2764,1479.223499
1/1/2008,3.94,212.174,16843.003,5,102.1493,1378.763806
2/1/2008,2.98,212.687,16843.003,4.9,101.7756,1354.87251
3/1/2008,2.61,213.448,16843.003,5.1,101.4508,1316.942993
4/1/2008,2.28,213.942,16943.291,5,100.7554,1370.469094
5/1/2008,1.98,215.208,16943.291,5.4,100.1336,1403.217616
6/1/2008,2,217.463,16943.291,5.6,99.8728,1341.250965
7/1/2008,2.01,219.016,16854.295,5.8,99.4194,1257.326366
8/1/2008,2,218.69,16854.295,6.1,97.8491,1281.472366
9/1/2008,1.81,218.877,16854.295,6.1,93.5576,1217.022856
10/1/2008,0.97,216.995,16485.35,6.5,94.4985,968.8008741
11/1/2008,0.39,213.153,16485.35,6.8,93.2617,883.0405273
12/1/2008,0.16,211.398,16485.35,7.3,90.6266,877.5618175
1/1/2009,0.15,211.933,16298.262,7.8,88.3712,865.5755005
2/1/2009,0.22,212.705,16298.262,8.3,87.843,805.2273688
3/1/2009,0.18,212.495,16298.262,8.7,86.4689,757.1268144
4/1/2009,0.15,212.709,16269.145,9,85.7903,848.1518991
5/1/2009,0.18,213.022,16269.145,9.4,84.9436,902.4085022
6/1/2009,0.21,214.79,16269.145,9.5,84.6746,926.1150013
7/1/2009,0.16,214.726,16326.281,9.5,85.6853,935.821364
8/1/2009,0.16,215.445,16326.281,9.6,86.6393,1009.724758
9/1/2009,0.15,215.861,16326.281,9.8,87.3821,1044.552383
10/1/2009,0.12,216.509,16502.754,10,87.5809,1067.66363
11/1/2009,0.12,217.234,16502.754,9.9,87.9388,1088.069006
12/1/2009,0.12,217.347,16502.754,9.9,88.2404,1110.377724
1/1/2010,0.11,217.488,16582.71,9.8,89.1897,1123.581582
2/1/2010,0.13,217.281,16582.71,9.8,89.5046,1089.159989
3/1/2010,0.16,217.353,16582.71,9.9,90.1356,1152.04869
4/1/2010,0.2,217.403,16743.162,9.9,90.4607,1197.316185
5/1/2010,0.2,217.29,16743.162,9.6,91.7014,1125.062006
6/1/2010,0.18,217.199,16743.162,9.4,91.9033,1083.360895
7/1/2010,0.18,217.605,16872.266,9.4,92.2549,1079.803336
8/1/2010,0.19,217.923,16872.266,9.5,92.5936,1087.282271
9/1/2010,0.19,218.275,16872.266,9.5,92.8533,1122.081903
10/1/2010,0.19,219.035,16960.864,9.4,92.6033,1171.58381
11/1/2010,0.19,219.59,16960.864,9.8,92.6686,1198.888561
12/1/2010,0.18,220.472,16960.864,9.3,93.5916,1241.525452
1/1/2011,0.17,221.187,16920.632,9.1,93.3889,1282.6185
2/1/2011,0.16,221.898,16920.632,9,93.0045,1321.117888
3/1/2011,0.14,223.046,16920.632,9,93.9684,1304.486514
4/1/2011,0.1,224.093,17035.114,9.1,93.6571,1331.505011
5/1/2011,0.09,224.806,17035.114,9,93.7723,1338.310465
6/1/2011,0.09,224.806,17035.114,9.1,94.0493,1287.288641
7/1/2011,0.07,225.395,17031.313,9,94.4958,1325.184503
8/1/2011,0.1,226.106,17031.313,9,95.0974,1185.305653
9/1/2011,0.08,226.597,17031.313,9,95.0244,1173.879057
10/1/2011,0.07,226.75,17222.583,8.8,95.6891,1207.216187
11/1/2011,0.08,227.169,17222.583,8.6,95.6778,1226.414772
12/1/2011,0.07,227.223,17222.583,8.5,96.1809,1243.322847
1/1/2012,0.08,227.842,17367.01,8.3,96.7595,1300.578015
2/1/2012,0.1,228.329,17367.01,8.3,97.0662,1352.4875
3/1/2012,0.13,228.807,17367.01,8.2,96.5609,1389.240001
4/1/2012,0.14,229.187,17444.525,8.2,97.251,1386.428986
5/1/2012,0.16,228.713,17444.525,8.2,97.4595,1341.272716
6/1/2012,0.16,228.524,17444.525,8.2,97.4768,1323.484294
7/1/2012,0.16,228.59,17469.65,8.2,97.6714,1359.776199
8/1/2012,0.13,229.918,17469.65,8.1,97.2734,1403.448258
9/1/2012,0.14,231.015,17469.65,7.8,97.2217,1443.419472
10/1/2012,0.16,231.638,17489.852,7.8,97.5311,1437.816662
11/1/2012,0.16,231.249,17489.852,7.7,97.9084,1394.512387
12/1/2012,0.16,231.221,17489.852,7.9,98.1884,1422.285492
1/1/2013,0.14,231.679,17662.4,8,98.1736,1480.39524
2/1/2013,0.15,232.937,17662.4,7.7,98.6434,1512.311581
3/1/2013,0.14,232.282,17662.4,7.5,99.047,1550.828986
4/1/2013,0.15,231.797,17709.671,7.6,98.9445,1570.702265
5/1/2013,0.11,231.893,17709.671,7.5,99.0383,1639.842723
6/1/2013,0.09,232.445,17709.671,7.5,99.2221,1618.772516
7/1/2013,0.09,232.9,17860.45,7.3,98.8987,1668.675443
8/1/2013,0.08,233.456,17860.45,7.2,99.4897,1670.093639
9/1/2013,0.08,233.544,17860.45,7.2,100.021,1687.173505
10/1/2013,0.09,233.669,18016.147,7.2,99.9037,1720.026532
11/1/2013,0.08,234.1,18016.147,6.9,100.1582,1783.541003
12/1/2013,0.09,234.719,18016.147,6.7,100.374,1807.775234
1/1/2014,0.07,235.288,17953.974,6.6,99.9899,1822.35666
2/1/2014,0.07,235.547,17953.974,6.7,100.7471,1817.034739
3/1/2014,0.08,236.028,17953.974,6.7,101.7435,1863.523339
4/1/2014,0.09,236.468,18185.911,6.2,101.8273,1864.263335
5/1/2014,0.09,236.918,18185.911,6.3,102.2392,1889.767142
6/1/2014,0.1,237.231,18185.911,6.1,102.5774,1947.087612
7/1/2014,0.09,237.498,18406.941,6.2,102.7954,1973.099987
8/1/2014,0.09,237.46,18406.941,6.1,102.6322,1961.531907
9/1/2014,0.09,237.477,18406.941,5.9,102.9417,1993.22619
10/1/2014,0.09,237.43,18500.031,5.7,102.9611,1937.27435
11/1/2014,0.09,236.983,18500.031,5.8,103.5978,2044.572105
12/1/2014,0.12,236.252,18500.031,5.6,103.6151,2054.266363
1/1/2015,0.11,234.747,18666.621,5.7,102.7923,2028.17851
2/1/2015,0.11,235.342,18666.621,5.5,102.1366,2082.195794
3/1/2015,0.11,235.976,18666.621,5.4,101.7869,2079.99044
4/1/2015,0.12,236.222,18782.243,5.4,101.2255,2094.862839
5/1/2015,0.12,237.001,18782.243,5.6,100.7675,2111.943518
6/1/2015,0.13,237.657,18782.243,5.3,100.4588,2099.283658
7/1/2015,0.13,238.034,18857.418,5.2,101.0893,2094.143627
8/1/2015,0.14,238.033,18857.418,5.1,100.9165,2039.866205
9/1/2015,0.14,237.498,18857.418,5,100.633,1944.402384
10/1/2015,0.12,237.733,18892.206,5,100.1563,2024.812716
11/1/2015,0.12,238.017,18892.206,5.1,99.4366,2080.616504
12/1/2015,0.24,237.761,18892.206,5,98.9471,2054.079562
1/1/2016,0.34,237.652,19001.69,4.8,99.4391,1918.597888
2/1/2016,0.38,237.336,19001.69,4.9,98.9232,1904.418494
3/1/2016,0.36,238.08,19001.69,5,98.1635,2021.95409
4/1/2016,0.37,238.992,19062.709,5.1,98.4775,2075.535232
5/1/2016,0.37,239.557,19062.709,4.8,98.2549,2065.550479
6/1/2016,0.38,240.222,19062.709,4.9,98.7315,2083.891369
7/1/2016,0.39,240.101,19197.938,4.8,98.8452,2148.901978
8/1/2016,0.4,240.545,19197.938,4.9,98.7427,2177.482167
9/1/2016,0.4,241.176,19197.938,5,98.6552,2157.690964
10/1/2016,0.4,241.741,19304.352,4.9,98.7237,2143.020938
11/1/2016,0.41,242.026,19304.352,4.7,98.3443,2164.985689
12/1/2016,0.54,242.637,19304.352,4.7,99.0406,2246.629046
1/1/2017,0.65,243.618,19398.343,4.7,98.8158,2275.115979
2/1/2017,0.66,244.006,19398.343,4.6,98.4356,2329.910542
3/1/2017,0.79,243.892,19398.343,4.4,99.0492,2366.82217
4/1/2017,0.9,244.193,19506.949,4.4,100.0416,2359.309455
5/1/2017,0.91,244.004,19506.949,4.4,100.128,2395.345881
6/1/2017,1.04,244.163,19506.949,4.3,100.337,2433.985451
7/1/2017,1.15,244.243,19660.766,4.3,100.0865,2454.102502
8/1/2017,1.16,245.183,19660.766,4.4,99.6323,2456.22307
9/1/2017,1.15,246.435,19660.766,4.3,99.7482,2492.84104
10/1/2017,1.15,246.626,19882.352,4.2,100.9893,2556.99727
11/1/2017,1.16,247.284,19882.352,4.2,101.2493,2593.605736
12/1/2017,1.3,247.805,19882.352,4.1,101.4871,2664.340527
1/1/2018,1.41,248.859,20044.077,4,101.4852,2789.803816
2/1/2018,1.42,249.529,20044.077,4.1,101.7319,2705.155248
3/1/2018,1.51,249.577,20044.077,4,102.1943,2702.773821
4/1/2018,1.69,250.227,20150.476,4,103.3551,2653.625209
5/1/2018,1.7,250.792,20150.476,3.8,102.381,2701.493619
6/1/2018,1.82,251.018,20150.476,4,103.2256,2754.352888
7/1/2018,1.91,251.214,20276.154,3.8,103.3561,2793.643357
8/1/2018,1.91,251.663,20276.154,3.8,104.0585,2857.820429
9/1/2018,1.95,252.182,20276.154,3.7,104.1038,2901.500514
10/1/2018,2.19,252.772,20304.874,3.8,103.9297,2785.46478
11/1/2018,2.2,252.594,20304.874,3.8,104.0126,2723.231422
12/1/2018,2.27,252.767,20304.874,3.9,104.0451,2567.307386
1/1/2019,2.4,252.561,20431.641,4,103.3598,2607.389997
2/1/2019,2.4,253.319,20431.641,3.8,102.8251,2754.864206
3/1/2019,2.41,254.277,20431.641,3.8,102.8361,2803.983794
4/1/2019,2.42,255.233,20602.275,3.7,102.2748,2903.799979
5/1/2019,2.39,255.296,20602.275,3.6,102.4176,2854.70591
6/1/2019,2.38,255.213,20602.275,3.6,102.5425,2890.165979
7/1/2019,2.4,255.802,20843.322,3.7,102.0057,2996.113636
8/1/2019,2.13,256.036,20843.322,3.6,102.7814,2897.450451
9/1/2019,2.04,256.43,20843.322,3.5,102.4601,2982.156006
10/1/2019,1.83,257.155,20985.448,3.6,101.5878,2977.675197
11/1/2019,1.55,257.879,20985.448,3.6,102.1494,3104.904492
12/1/2019,1.55,258.63,20985.448,3.6,101.9421,3176.749512
1/1/2020,1.55,258.906,20693.238,3.6,101.3372,3278.202858
2/1/2020,1.58,259.246,20693.238,3.5,101.6718,3277.314183
3/1/2020,0.65,258.15,20693.238,4.4,97.606,2652.393632
4/1/2020,0.05,256.126,19056.617,14.8,84.6812,2761.975226
5/1/2020,0.05,255.848,19056.617,13.2,86.0108,2919.608484
6/1/2020,0.08,257.004,19056.617,11,91.6745,3104.660933
7/1/2020,0.09,258.408,20548.793,10.2,95.0037,3207.619096
8/1/2020,0.1,259.366,20548.793,8.4,95.9294,3391.710019
9/1/2020,0.09,259.951,20548.793,7.8,95.8914,3365.516671
10/1/2020,0.09,260.249,20771.691,6.8,96.5256,3418.699996
11/1/2020,0.09,260.895,20771.691,6.7,96.9529,3548.99248
12/1/2020,0.09,262.005,20771.691,6.7,98.2039,3695.310014
1/1/2021,0.09,262.518,21058.379,6.4,98.8135,3793.748432
2/1/2021,0.08,263.583,21058.379,6.2,95.5072,3883.432116
3/1/2021,0.07,264.91,21058.379,6.1,98.1929,3910.50828
4/1/2021,0.07,266.752,21389.005,6.1,98.3317,4141.1762
5/1/2021,0.06,268.452,21389.005,5.8,99.1867,4167.849536
6/1/2021,0.08,270.664,21389.005,5.9,99.6483,4238.489546
7/1/2021,0.1,271.994,21571.421,5.4,100.0668,4363.712798
8/1/2021,0.09,272.789,21571.421,5.1,100.0412,4453.965931
9/1/2021,0.08,273.887,21571.421,4.7,98.9955,4445.543318
10/1/2021,0.08,276.434,21960.388,4.5,100.3542,4460.707078
11/1/2021,0.08,278.799,21960.388,4.1,101.2684,4667.386649
12/1/2021,0.08,280.808,21960.388,3.9,101.1948,4674.772772
1/1/2022,0.08,282.39,21903.85,4,101.2146,4573.815454
2/1/2022,0.08,284.535,21903.85,3.8,101.8458,4435.980494
3/1/2022,0.2,287.553,21903.85,3.6,102.6732,4391.265264
4/1/2022,0.33,288.764,21919.222,3.7,102.9024,4391.295996
5/1/2022,0.77,291.359,21919.222,3.6,102.9659,4040.360003
6/1/2022,1.21,294.996,21919.222,3.6,102.8224,3898.946684
7/1/2022,1.68,294.977,22066.784,3.5,103.0505,3911.729492
8/1/2022,2.33,295.209,22066.784,3.6,103.1703,4158.563084
9/1/2022,2.56,296.341,22066.784,3.5,103.5326,3850.520496
10/1/2022,3.08,297.863,22249.459,3.6,103.4442,3726.050956
11/1/2022,3.78,298.648,22249.459,3.6,103.1058,3917.488595
12/1/2022,4.1,298.812,22249.459,3.5,101.8266,3912.380952
1/1/2023,4.33,300.356,22403.435,3.4,102.7476,3960.656531
2/1/2023,4.57,301.509,22403.435,3.6,102.8003,4079.684725
3/1/2023,4.65,301.744,22403.435,3.5,102.8143,3968.559146
4/1/2023,4.83,303.032,22539.418,3.4,103.2241,4121.467362
5/1/2023,5.06,303.365,22539.418,3.7,102.9809,4146.173196
6/1/2023,5.08,304.003,22539.418,3.6,102.3809,4345.372838
7/1/2023,5.12,304.628,22780.933,3.5,103.0722,4508.075488
8/1/2023,5.33,306.187,22780.933,3.8,103.0951,4457.358674
9/1/2023,5.33,307.288,22780.933,3.8,103.3081,4409.094995
10/1/2023,5.33,307.531,22960.6,3.8,102.5781,4269.400945
11/1/2023,5.33,308.024,22960.6,3.7,102.8868,4460.063314
12/1/2023,5.33,308.742,22960.6,3.7,102.6309,4685.051489
1/1/2024,5.33,309.685,23053.545,3.7,101.483,4804.491513
2/1/2024,5.33,311.054,23053.545,3.9,102.7267,5011.961426
3/1/2024,5.33,312.23,23053.545,3.8,102.5186,5170.572485
4/1/2024,5.33,313.207,23223.906,3.9,102.3568,5112.492742
5/1/2024,5.33,313.225,23223.906,4,102.9797,5235.225497
6/1/2024,5.33,313.049,23223.906,4.1,103.2768,5415.140497
7/1/2024,5.33,313.534,23386.248,4.3,102.5381,5538.004572
8/1/2024,5.33,314.121,23386.248,4.2,103.0449,5478.214577
9/1/2024,5.13,314.686,23386.248,4.1,102.5497,5621.260449
10/1/2024,4.83,315.454,23386.248,4.1,102.2805,5792.319548
